Date,Train Predictions,Actuals,Predictions
2022-10-22,18835.39,19172.38,
2022-10-23,18922.46,19207.74,
2022-10-24,18961.22,19567.77,
2022-10-25,19328.0,19344.96,
2022-10-26,19138.05,20092.24,
2022-10-27,19900.49,20772.8,
2022-10-28,20652.54,20287.96,
2022-10-29,20219.97,20595.1,
2022-10-30,20495.52,20817.98,
2022-10-31,20703.04,20633.7,
2022-11-01,20547.57,20494.9,
2022-11-02,20418.72,20482.96,
2022-11-03,20398.78,20162.69,
2022-11-04,20084.46,20208.77,
2022-11-05,20114.39,21144.83,
2022-11-06,21011.79,21285.06,
2022-11-07,21194.05,20924.62,
2022-11-08,20846.2,20600.67,
2022-11-09,20496.05,18543.76,
2022-11-10,18558.55,15883.16,
2022-11-11,16074.84,17583.25,
2022-11-12,17436.06,17036.88,
2022-11-13,17017.03,16799.72,
2022-11-14,16780.1,16352.03,
2022-11-15,16336.75,16617.48,
2022-11-16,16613.85,16884.34,
2022-11-17,16901.9,16670.43,
2022-11-18,16734.26,16687.91,
2022-11-19,16803.97,16696.22,
2022-11-20,16853.49,16712.92,
2022-11-21,16849.55,16291.22,
2022-11-22,16395.1,15782.3,
2022-11-23,15825.63,16195.59,
2022-11-24,16145.11,16611.64,
2022-11-25,16614.55,16602.27,
2022-11-26,16642.65,16521.58,
2022-11-27,16609.6,16463.88,
2022-11-28,16560.25,16440.22,
2022-11-29,16540.8,16217.64,
2022-11-30,16318.33,16445.48,
2022-12-01,16522.64,17168.0,
2022-12-02,17253.87,16968.68,
2022-12-03,17128.18,17090.1,
2022-12-04,17259.5,16908.17,
2022-12-05,17100.82,17128.9,
2022-12-06,17312.51,16975.24,
2022-12-07,17185.38,17089.51,
2022-12-08,17248.12,16847.35,
2022-12-09,17001.06,17232.15,
2022-12-10,17338.2,17134.22,
2022-12-11,17259.85,17129.71,
2022-12-12,17255.02,17102.5,
2022-12-13,17214.04,17206.44,
2022-12-14,17285.51,17782.07,
2022-12-15,17785.41,17813.64,
2022-12-16,17859.03,17364.55,
2022-12-17,17449.8,16646.98,
2022-12-18,16762.28,16795.61,
2022-12-19,16830.22,16759.04,
2022-12-20,16743.76,16441.79,
2022-12-21,16439.12,16904.53,
2022-12-22,16853.7,16818.38,
2022-12-23,16785.98,16829.64,
2022-12-24,16799.5,16796.98,
2022-12-25,16784.76,16847.51,
2022-12-26,16837.89,16842.25,
2022-12-27,16850.34,16919.29,
2022-12-28,16943.9,16716.4,
2022-12-29,16755.85,16552.32,
2022-12-30,16573.67,16641.33,
2022-12-31,16649.06,16603.67,
2023-01-01,16643.32,16547.91,
2023-01-02,16580.63,16625.51,
2023-01-03,16654.03,16688.85,
2023-01-04,16715.91,16680.2,
2023-01-05,16708.38,16863.47,
2023-01-06,16902.08,16836.47,
2023-01-07,16900.6,16952.12,
2023-01-08,17025.16,16954.15,
2023-01-09,17037.84,17093.99,
2023-01-10,17175.62,17192.95,
2023-01-11,17277.37,17446.36,
2023-01-12,17541.76,18117.59,
2023-01-13,18191.42,18868.91,
2023-01-14,18988.24,19910.54,
2023-01-15,20120.63,20977.48,
2023-01-16,21305.32,20882.22,
2023-01-17,21288.64,21175.84,
2023-01-18,21587.13,21161.05,
2023-01-19,21633.51,20686.75,
2023-01-20,21223.37,21085.37,
2023-01-21,21512.03,22677.43,
2023-01-22,22932.5,22777.99,
2023-01-23,23076.75,22721.09,
2023-01-24,22986.99,22929.63,
2023-01-25,23148.38,22639.27,
2023-01-26,22820.66,23108.96,
2023-01-27,23172.82,23030.72,
2023-01-28,23037.99,23079.96,
2023-01-29,23029.53,23031.45,
2023-01-30,22967.79,23774.65,
2023-01-31,23704.09,22840.8,
2023-02-01,22839.96,23137.84,
2023-02-02,23100.03,23720.82,
2023-02-03,23635.63,23469.41,
2023-02-04,23397.64,23446.32,
2023-02-05,23355.06,23332.25,
2023-02-06,23252.74,22954.02,
2023-02-07,22913.92,22757.27,
2023-02-08,22735.07,23263.42,
2023-02-09,23180.07,22946.57,
2023-02-10,22921.86,21819.0,
2023-02-11,21964.54,21651.84,
2023-02-12,21808.55,21870.9,
2023-02-13,21993.5,21787.0,
2023-02-14,21942.47,21801.82,
2023-02-15,21958.24,22220.58,
2023-02-16,22387.72,24307.35,
2023-02-17,24466.88,23621.28,
2023-02-18,23852.81,24565.3,
2023-02-19,24718.26,24640.03,
2023-02-20,24776.56,24336.62,
2023-02-21,24414.54,24833.05,
2023-02-22,24797.59,24437.42,
2023-02-23,24379.8,24190.72,
2023-02-24,24169.98,23946.01,
2023-02-25,23938.43,23200.12,
2023-02-26,23236.2,23174.15,
2023-02-27,23193.68,23561.45,
2023-02-28,23575.34,23521.84,
2023-03-01,23543.33,23150.93,
2023-03-02,23224.82,23647.02,
2023-03-03,23665.24,23476.63,
2023-03-04,23498.62,22362.92,
2023-03-05,22563.62,22354.14,
2023-03-06,22529.99,22436.82,
2023-03-07,22585.45,22428.32,
2023-03-08,22577.86,22216.44,
2023-03-09,22372.6,21720.08,
2023-03-10,21924.83,20367.0,
2023-03-11,20749.74,20187.88,
2023-03-12,20553.49,20628.03,
2023-03-13,20919.58,22156.4,
2023-03-14,22443.14,24201.76,
2023-03-15,24525.82,24770.92,
2023-03-16,25188.34,24373.46,
2023-03-17,24761.53,25055.12,
2023-03-18,25303.39,27448.12,
2023-03-19,27553.43,26969.5,
2023-03-20,27177.72,28041.6,
2023-03-21,28190.19,27768.39,
2023-03-22,27878.91,28158.72,
2023-03-23,28088.2,27301.96,
2023-03-24,27318.27,28324.11,
2023-03-25,28294.79,27487.34,
2023-03-26,27530.8,27495.52,
2023-03-27,27510.29,27994.07,
2023-03-28,27964.27,27132.89,
2023-03-29,27161.68,27267.03,
2023-03-30,27295.26,28350.14,
2023-03-31,28317.95,28032.26,
2023-04-01,28022.83,28473.33,
2023-04-02,28451.86,28462.84,
2023-04-03,28442.69,28183.08,
2023-04-04,28164.65,27795.27,
2023-04-05,27779.79,28169.73,
2023-04-06,28096.48,28175.23,
2023-04-07,28100.84,28038.97,
2023-04-08,27991.89,27920.51,
2023-04-09,27893.05,27952.37,
2023-04-10,27922.8,28336.03,
2023-04-11,28271.04,29653.68,
2023-04-12,29588.2,30231.58,
2023-04-13,30243.29,29892.74,
2023-04-14,29924.68,30409.56,
2023-04-15,30410.23,30490.75,
2023-04-16,30447.21,30315.98,
2023-04-17,30210.51,30317.15,
2023-04-18,30171.56,29449.09,
2023-04-19,29292.48,30394.19,
2023-04-20,30141.74,28823.68,
2023-04-21,28726.22,28249.23,
2023-04-22,28209.57,27265.9,
2023-04-23,27362.66,27816.14,
2023-04-24,27799.66,27591.73,
2023-04-25,27671.27,27514.87,
2023-04-26,27626.58,28300.06,
2023-04-27,28320.05,28428.46,
2023-04-28,28429.16,29481.01,
2023-04-29,29503.27,29336.57,
2023-04-30,29382.84,29245.52,
2023-05-01,29268.74,29227.1,
2023-05-02,29234.12,28087.18,
2023-05-03,28117.88,28680.5,
2023-05-04,28593.15,29031.3,
2023-05-05,28854.42,28851.48,
2023-05-06,28677.36,29538.86,
2023-05-07,29373.18,28901.62,
2023-05-08,28768.12,28450.46,
2023-05-09,28359.26,27695.07,
2023-05-10,27728.71,27654.64,
2023-05-11,27710.88,27621.08,
2023-05-12,27692.46,26987.66,
2023-05-13,27155.84,26807.77,
2023-05-14,26988.97,26788.98,
2023-05-15,26956.53,26931.38,
2023-05-16,27062.28,27171.51,
2023-05-17,27278.57,27035.47,
2023-05-18,27133.14,27401.65,
2023-05-19,27456.77,26826.76,
2023-05-20,26940.62,26888.84,
2023-05-21,26982.4,27118.42,
2023-05-22,27171.68,26749.89,
2023-05-23,26835.1,26855.96,
2023-05-24,26912.34,27224.6,
2023-05-25,27222.82,26329.46,
2023-05-26,26458.43,26474.18,
2023-05-27,26562.37,26720.18,
2023-05-28,26761.61,26871.16,
2023-05-29,26898.21,28075.59,
2023-05-30,28087.88,27745.12,
2023-05-31,27809.07,27700.53,
2023-06-01,27732.76,27218.41,
2023-06-02,27254.34,26824.56,
2023-06-03,26894.26,27252.32,
2023-06-04,27253.19,27075.12,
2023-06-05,27109.4,27123.11,
2023-06-06,27151.96,25732.11,
2023-06-07,25982.64,27235.65,
2023-06-08,27269.96,26347.66,
2023-06-09,26487.47,26505.92,
2023-06-10,26608.75,26481.76,
2023-06-11,26561.5,25854.03,
2023-06-12,26006.82,25934.28,
2023-06-13,26041.89,25902.94,
2023-06-14,25986.92,25920.26,
2023-06-15,25977.06,25121.68,
2023-06-16,25269.65,25575.28,
2023-06-17,25619.16,26328.68,
2023-06-18,26265.54,26510.46,
2023-06-19,26492.78,26335.44,
2023-06-20,26329.48,26841.66,
2023-06-21,26819.76,28311.31,
2023-06-22,28339.1,29995.94,
2023-06-23,30181.9,29896.38,
2023-06-24,30114.63,30708.74,
2023-06-25,30879.98,30545.15,
2023-06-26,30653.3,30480.52,
2023-06-27,30430.97,30274.32,
2023-06-28,30126.78,30696.56,
2023-06-29,30491.11,30086.19,
2023-06-30,29870.2,30441.36,
2023-07-01,30210.4,30471.85,
2023-07-02,30278.23,30587.27,
2023-07-03,30427.72,30624.52,
2023-07-04,30494.21,31156.86,
2023-07-05,31070.76,30778.72,
2023-07-06,30744.66,30507.15,
2023-07-07,30481.9,29908.0,
2023-07-08,29893.57,30346.92,
2023-07-09,30262.05,30291.61,
2023-07-10,30213.33,30172.42,
2023-07-11,30100.48,30417.63,
2023-07-12,30333.69,30622.24,
2023-07-13,30563.16,30387.49,
2023-07-14,30343.32,31474.72,
2023-07-15,31432.12,30331.78,
2023-07-16,30366.06,30297.47,
2023-07-17,30281.74,30249.63,
2023-07-18,30208.82,30147.07,
2023-07-19,30096.21,29862.05,
2023-07-20,29797.94,29915.25,
2023-07-21,29811.52,29805.11,
2023-07-22,29695.48,29908.7,
2023-07-23,29794.76,29790.11,
2023-07-24,29688.78,30081.66,
2023-07-25,29977.64,29178.97,
2023-07-26,29139.93,29225.76,
2023-07-27,29141.06,29353.8,
2023-07-28,29232.44,29212.16,
2023-07-29,29111.93,29319.44,
2023-07-30,29181.78,29357.1,
2023-07-31,29223.84,29278.32,
2023-08-01,29153.76,29230.87,
2023-08-02,29102.38,29704.15,
2023-08-03,29569.36,29161.81,
2023-08-04,29062.08,29174.38,
2023-08-05,29055.83,29075.39,
2023-08-06,28955.27,29043.7,
2023-08-07,28913.89,29038.51,
2023-08-08,28902.86,29180.02,
2023-08-09,29024.79,29766.7,
2023-08-10,29634.64,29563.97,
2023-08-11,29455.61,29424.9,
2023-08-12,29300.7,29399.79,
2023-08-13,29265.18,29416.6,
2023-08-14,29268.3,29283.26,
2023-08-15,29131.4,29408.05,
2023-08-16,29237.98,29169.08,
2023-08-17,29011.39,28699.8,
2023-08-18,28583.2,26636.08,
2023-08-19,26834.42,26047.83,
2023-08-20,26335.68,26096.86,
2023-08-21,26401.67,26188.69,
2023-08-22,26465.62,26130.75,
2023-08-23,26395.72,26040.48,
2023-08-24,26295.9,26431.52,
2023-08-25,26600.42,26163.68,
2023-08-26,26301.2,26047.24,
2023-08-27,26150.46,26008.24,
2023-08-28,26089.78,26089.62,
2023-08-29,26160.99,26102.49,
2023-08-30,26164.42,27726.08,
2023-08-31,27707.32,27301.93,
2023-09-01,27332.62,25934.02,
2023-09-02,26013.78,25800.91,
2023-09-03,25884.46,25869.47,
2023-09-04,25928.26,25968.17,
2023-09-05,26001.78,25814.96,
2023-09-06,25862.24,25783.93,
2023-09-07,25823.43,25748.31,
2023-09-08,25786.6,26245.21,
2023-09-09,26240.11,25905.42,
2023-09-10,25923.76,25895.21,
2023-09-11,25887.7,25831.72,
2023-09-12,25823.01,25160.66,
2023-09-13,25234.81,25837.56,
2023-09-14,25788.62,26228.28,
2023-09-15,26135.46,26533.82,
2023-09-16,26471.48,26606.2,
2023-09-17,26564.42,26567.93,
2023-09-18,26522.82,26533.0,
2023-09-19,26481.72,26760.85,
2023-09-20,26691.2,27210.23,
2023-09-21,27154.5,27129.84,
2023-09-22,27094.65,26564.06,
2023-09-23,26571.63,26578.56,
2023-09-24,26588.97,26579.37,
2023-09-25,26595.92,26253.78,
2023-09-26,26320.67,26294.76,
2023-09-27,26355.83,26209.5,
2023-09-28,26270.59,26355.81,
2023-09-29,26396.92,27024.84,
2023-09-30,27004.63,26911.69,
2023-10-01,26917.66,26967.4,
2023-10-02,26974.08,27976.8,
2023-10-03,27991.5,27508.25,
2023-10-04,27548.48,27429.08,
2023-10-05,27460.28,27798.65,
2023-10-06,27779.96,27412.12,
2023-10-07,27387.6,27930.84,
2023-10-08,,,27387.6
2023-10-09,,,27360.34
2023-10-10,,,27344.42
2023-10-11,,,27338.77
2023-10-12,,,27352.85
2023-10-13,,,27378.88
2023-10-14,,,27405.92
2023-10-15,,,27426.49
2023-10-16,,,27442.61
2023-10-17,,,27450.35
2023-10-18,,,27457.89
2023-10-19,,,27461.65
2023-10-20,,,27464.28
2023-10-21,,,27466.44
2023-10-22,,,27467.14
2023-10-23,,,27468.24
2023-10-24,,,27469.83
2023-10-25,,,27471.94
2023-10-26,,,27474.52
2023-10-27,,,27477.45
2023-10-28,,,27480.58
2023-10-29,,,27483.73
2023-10-30,,,27486.76
2023-10-31,,,27489.62
2023-11-01,,,27492.25
2023-11-02,,,27494.67
2023-11-03,,,27496.91
2023-11-04,,,27498.98
2023-11-05,,,27500.91
2023-11-06,,,27502.74
