Date,Predictions,Lower_Bound,Upper_Bound
2023-10-08,27387.6,26252.69,28522.52
2023-10-09,27360.34,25755.33,28965.35
2023-10-10,27344.42,25378.69,29310.14
2023-10-11,27338.77,25068.95,29608.6
2023-10-12,27352.85,24815.11,29890.59
2023-10-13,27378.88,24598.93,30158.84
2023-10-14,27405.92,24403.22,30408.61
2023-10-15,27426.49,24216.47,30636.51
2023-10-16,27442.61,24037.88,30847.35
2023-10-17,27450.35,23861.44,31039.26
2023-10-18,27457.89,23693.81,31221.96
2023-10-19,27461.65,23530.2,31393.1
2023-10-20,27464.28,23372.29,31556.26
2023-10-21,27466.44,23219.99,31712.89
2023-10-22,27467.14,23071.64,31862.63
2023-10-23,27468.24,22928.59,32007.89
2023-10-24,27469.83,22790.47,32149.2
2023-10-25,27471.94,22656.92,32286.97
2023-10-26,27474.52,22527.55,32421.48
2023-10-27,27477.45,22401.97,32552.93
2023-10-28,27480.58,22279.76,32681.4
2023-10-29,27483.73,22160.52,32806.94
2023-10-30,27486.76,22043.92,32929.61
2023-10-31,27489.62,21929.7,33049.53
2023-11-01,27492.25,21817.69,33166.81
2023-11-02,27494.67,21707.73,33281.61
2023-11-03,27496.91,21599.73,33394.08
2023-11-04,27498.98,21493.58,33504.37
2023-11-05,27500.91,21389.22,33612.6
2023-11-06,27502.74,21286.57,33718.91
